1.000000000000000000e+00	1.750338098241652762e-01	1.272507710673183995e-02	8.741150597186959914e-02	-1.888658961301815931e-01	-1.958299026606614424e-01	-3.518494821200623957e-02	7.748511505190931736e-02	2.495942454668226840e-01	3.910194631030481927e-01	-3.193819384063236733e-01	-2.829701864325644967e-01	6.187033836522926045e-01	-6.502076206029483441e-02	-2.744107161894977498e-01	3.247297731427169487e-01	5.271892266235824742e-01	3.969636764607934465e-01	2.025486489079773023e-01	8.649398669072752566e-02	2.737987468963453130e-01	6.088098789725068100e-02	-2.405070361260464584e-01	1.091141176402160018e-01	2.442247818821669317e-02	5.798091780661549649e-02	1.981399233767141832e-01	9.965889920907754218e-02	3.337440833243343064e-01	1.166284860168210688e-02	2.349253459295037177e-02	6.222509843077417280e-02	-2.762269552320091859e-01	6.038305202753951884e-02	1.231426837682461223e-01	2.489293392102067681e-01	7.341168091161223708e-02	-2.755772749309017833e-01
1.750338098241652207e-01	1.000000000000000000e+00	6.696415775022400430e-02	7.112811447473300630e-01	-1.703856694389589421e-01	-1.877695211716522428e-01	-1.051071089592894164e-02	2.186118856056943061e-01	-1.033099650435453758e-02	1.386229068714923129e-01	-3.553621714440397539e-01	-3.345382020851753180e-01	1.913052907300770711e-01	-2.544496758355756505e-01	-3.487062826947117666e-01	1.391541117741360023e-01	1.708007969371430623e-01	1.567164997442495600e-01	1.084231402055447907e-01	1.551847678524748420e-01	1.058714841032932646e-01	1.048524376630882299e-01	-2.378973327887038414e-01	2.087959900866027951e-01	9.295954080522335350e-02	1.387322534511467864e-01	4.774876789570525193e-01	4.393234395725829078e-01	3.947068967387070137e-01	4.483583682190239034e-02	5.746085432953442623e-02	3.863288887365787794e-01	-3.046117094313636753e-01	4.533200920559099512e-01	1.673279184868565472e-01	1.551696436021853809e-01	1.050774213680497338e-01	-3.043322844322124410e-01
1.272507710673183648e-02	6.696415775022400430e-02	1.000000000000000000e+00	1.348795237563123750e-01	-4.151517119689031310e-02	-6.024525935688686967e-02	9.425977699973197774e-03	2.067503630004730308e-01	-1.931720539006551510e-02	-1.696977593176769369e-02	-1.206781638953123570e-01	-1.094046581853410638e-01	2.749361092033600438e-03	-1.035233192809934394e-01	-1.386158471308146234e-01	2.987951735735044217e-02	2.693855083458951329e-03	1.015008857306601113e-02	2.996823577873787559e-02	2.687581000040000292e-02	1.514577505957427281e-02	3.392784279410390735e-02	-7.937656865053174804e-02	1.183242374710708478e-01	7.428093999381456536e-01	4.722073701205314888e-01	1.730622578458761922e-04	-3.518900157955547232e-03	9.975315229214604118e-03	2.656412435229951047e-02	2.595772507480072905e-02	3.939113481690825758e-01	-1.323284869357976845e-01	-3.411496683633502558e-02	2.507730506331481285e-02	-7.587971561007994178e-03	2.178704258152723561e-02	-8.924952261101465334e-02
8.741150597186959914e-02	7.112811447473300630e-01	1.348795237563123472e-01	1.000000000000000000e+00	-1.640389929475551956e-01	-1.715283243719229467e-01	-6.045903869572618466e-02	1.743745580937102746e-01	-6.798378265587130820e-02	5.016689354454235972e-02	-2.452909481056930185e-01	-2.533615159813258355e-01	9.183178304202607722e-02	-2.016304709979550303e-01	-2.758955002349736119e-01	1.093999962010923643e-01	1.075187623523314734e-01	7.989557094295805795e-02	7.309501295444015279e-02	1.340288655423156339e-01	7.342996980234199611e-02	6.423548534147122124e-02	-1.906412683526478302e-01	1.178989247259687873e-01	1.104610890290118469e-01	1.358841947063423317e-01	3.596269711302790828e-01	3.834133740330063489e-01	2.794530728421258381e-01	1.467113806538702589e-02	2.690945922181521566e-02	4.561487833214815657e-01	-2.192440863775295679e-01	2.337400077995525072e-01	1.072869079737400477e-01	6.420193605951567128e-02	5.631573614901937835e-02	-2.274190499376591845e-01
-1.888658961301815653e-01	-1.703856694389589421e-01	-4.151517119689032004e-02	-1.640389929475551956e-01	1.000000000000000000e+00	3.552832236411422318e-01	4.939272138022252068e-01	-3.637705493236084719e-02	-1.349742450196387278e-01	-1.757558934810777851e-01	3.426651092838245427e-01	2.013308518436834060e-01	-1.769312941477576839e-01	6.360249274643314799e-02	3.397390680348769121e-01	-1.152678529319386830e-01	-1.204217355024738839e-01	-1.255274875230918963e-01	-8.628210275548454933e-02	-6.176176489582625717e-02	-8.679901739937015415e-02	-5.450003110338461770e-02	3.064780255304586642e-01	3.517540840611108749e-02	-4.345944611663344476e-02	-7.267948904407769972e-02	-1.521548125008522490e-01	-1.526599668863075632e-01	-1.495892321622450949e-01	-2.002179869416500363e-02	-2.980332858826335168e-02	-8.829252079554621158e-02	3.012912425453110332e-01	-2.143515064960375104e-03	-1.051100251972979516e-01	-1.362880085334866320e-01	-6.666763358808716622e-02	5.751652785759534536e-01
-1.958299026606614424e-01	-1.877695211716522428e-01	-6.024525935688687661e-02	-1.715283243719229467e-01	3.552832236411422318e-01	1.000000000000000000e+00	1.797831772920242266e-01	-1.037673658400859733e-01	-1.474177701939040352e-01	-1.618379013841020342e-01	3.278923559037835167e-01	1.871030404308150763e-01	-1.790528423360641108e-01	9.994536665827821742e-02	3.547006207882993922e-01	-1.156444392360338608e-01	-1.171292198844918475e-01	-1.246495001819349774e-01	-7.331603737254900610e-02	-3.707776272159315351e-02	-9.111869595887059359e-02	3.843989547490743452e-02	6.252582522648079122e-01	-7.565034852508256691e-02	-5.770908799513096293e-02	-9.531841892771042435e-02	-1.572799467839189891e-01	-1.553468642477238704e-01	-1.483830401837976931e-01	1.670652024196571939e-01	1.203395067352327347e-01	-1.326685675013348220e-01	3.211267897541621452e-01	3.486499697527314229e-03	-5.550126510073868230e-02	-1.111780580303668442e-01	-1.023923576547856179e-02	4.829919355891856836e-01
-3.518494821200623957e-02	-1.051071089592894164e-02	9.425977699973199508e-03	-6.045903869572618466e-02	4.939272138022252068e-01	1.797831772920242266e-01	1.000000000000000000e+00	4.482410806374728662e-02	-3.659071907833113656e-03	-4.188204037842954697e-02	-3.296215904261890622e-02	-1.144915482720481638e-02	-3.965734089347953961e-02	-9.712780597183424958e-02	1.005203161428938098e-02	-2.982864181967687447e-02	-3.078065217444474547e-02	-1.849343338092193645e-02	-1.789447571596220268e-02	-1.597384092379759701e-02	-2.496993175927262817e-02	2.392835516061173236e-03	5.418994099352712063e-02	2.117255529851075069e-01	3.761677910098856770e-02	4.021355061068303954e-02	-4.180354109584647621e-02	-5.311670681867907556e-02	-4.373648776395503562e-02	3.974002009114194905e-02	4.860159947912436051e-02	-3.858839468001991086e-03	-8.067865343198038497e-02	-7.426708640843350355e-03	-2.333942565127777521e-02	-2.349605159325288822e-02	-1.251995479028474370e-02	1.150933680823948424e-01
7.748511505190931736e-02	2.186118856056943061e-01	2.067503630004730308e-01	1.743745580937102746e-01	-3.637705493236084719e-02	-1.037673658400859733e-01	4.482410806374728662e-02	1.000000000000000000e+00	2.889025935829649810e-02	4.674960578116124643e-02	-1.978379126319185499e-01	-1.565829367067834987e-01	7.056729723478361027e-02	-1.351325718569622580e-01	-1.848571990956227873e-01	5.775364035409918245e-02	4.657652132186116539e-02	7.193074370559739139e-02	5.724118076512635378e-02	5.517422173203995889e-02	3.822521749375804717e-02	5.717269758341020358e-02	-1.354017339160515365e-01	3.277248016090530403e-01	2.796388766560413686e-01	4.036314608955502981e-01	1.088738239494013160e-01	8.787196621449021305e-02	1.007871899898133417e-01	1.992869412512111860e-02	2.087933261462731130e-02	4.437021619960275776e-01	-1.992356491169242072e-01	1.606205546988959398e-01	7.530295980520304577e-02	6.949366723912769883e-02	5.348428943804725555e-02	-1.562801717785747002e-01
2.495942454668226840e-01	-1.033099650435453411e-02	-1.931720539006551510e-02	-6.798378265587130820e-02	-1.349742450196387278e-01	-1.474177701939040352e-01	-3.659071907833111488e-03	2.889025935829649464e-02	1.000000000000000000e+00	1.550621567639674514e-01	-2.801389157747451453e-01	1.704664726999416402e-01	1.341331313483017651e-01	9.877696128957730304e-02	-4.392403960900925775e-02	6.512275612505691660e-03	-8.677251441143276831e-03	1.599530776385483799e-01	1.028406720993345694e-03	-6.745492483898876679e-02	-2.624840764857892111e-02	-1.065967266895552837e-02	-1.641751164569490440e-01	8.371885751339441795e-02	-1.452766792233713307e-02	4.967968569023067070e-03	-5.242584660864598595e-02	-3.111216543562586589e-02	-5.859914405458385017e-02	-1.129014292689056211e-02	-9.294220896175349814e-03	-3.517782954168970772e-02	-1.907649542773574014e-01	1.134866024704811599e-01	2.978246965348116393e-02	2.675804015263337221e-01	3.496121927353026959e-02	-2.445669022282506433e-01
3.910194631030481927e-01	1.386229068714922852e-01	-1.696977593176769369e-02	5.016689354454235972e-02	-1.757558934810777851e-01	-1.618379013841020342e-01	-4.188204037842954697e-02	4.674960578116124643e-02	1.550621567639674514e-01	1.000000000000000000e+00	-2.496747599920989547e-01	-1.920109101592493706e-01	6.697835044395793469e-01	2.147570028491151417e-01	-1.536367725110906468e-01	1.214643998817568904e-01	2.454244971554678800e-01	1.760750640231906194e-01	1.010592486443515209e-01	5.113914753229806959e-02	1.389805000265341151e-01	6.805055337518001179e-02	-1.783004402880207784e-01	8.692837513746090594e-02	-8.543643582208840237e-03	2.765534066766700202e-02	1.304206817260822049e-01	6.619990961920559081e-02	2.654379211688005502e-01	2.520649280572446679e-02	3.541233496902246314e-02	2.069068176460518022e-02	-1.074478671071442681e-01	1.532854634906218316e-01	1.396719730146086802e-01	2.466067090574541598e-01	1.290822263873973030e-01	-2.410227911117590049e-01
-3.193819384063236733e-01	-3.553621714440397539e-01	-1.206781638953123570e-01	-2.452909481056930185e-01	3.426651092838245427e-01	3.278923559037834612e-01	-3.296215904261889929e-02	-1.978379126319185499e-01	-2.801389157747451453e-01	-2.496747599920989547e-01	1.000000000000000000e+00	6.256222459827243121e-01	-2.836949277103546496e-01	4.018484335499603599e-01	7.710037110633991553e-01	-1.685458604443349495e-01	-1.599572654742354716e-01	-2.317173696706004427e-01	-1.283178023692774783e-01	-7.111192152110178133e-02	-1.132653720734997510e-01	-8.899499586314010835e-02	4.707707815886969516e-01	-2.770397193263272051e-01	-1.486142239141546584e-01	-2.008205503576144801e-01	-2.676538817458824493e-01	-2.485475234894037599e-01	-2.322698099713133568e-01	-6.894649613058807802e-02	-8.471845619118180404e-02	-2.169165525142052187e-01	7.666184137549895139e-01	-9.819717667553147511e-02	-1.637455343818064735e-01	-2.377469179115762610e-01	-8.598474330377678387e-02	6.937440957195556424e-01
-2.829701864325645522e-01	-3.345382020851753180e-01	-1.094046581853410638e-01	-2.533615159813258355e-01	2.013308518436834060e-01	1.871030404308150763e-01	-1.144915482720481638e-02	-1.565829367067834987e-01	1.704664726999416402e-01	-1.920109101592493706e-01	6.256222459827243121e-01	1.000000000000000000e+00	-2.734611388895643591e-01	4.216406250377190967e-01	6.389884382659621886e-01	-1.716324301385926399e-01	-1.755316115241862818e-01	-2.001689070240688650e-01	-1.398518455519221493e-01	-1.052225504078603685e-01	-1.199773936009546071e-01	-8.218875196550999573e-02	3.064844937483363063e-01	-1.908365265435932601e-01	-1.293283465586537451e-01	-1.673713617580306900e-01	-2.815444223135812885e-01	-2.397097651650014205e-01	-2.743276955688070951e-01	-5.778127333795793352e-02	-7.921643705453582096e-02	-2.054851091540652319e-01	5.145836897842739344e-01	-3.799124949650988653e-02	-1.472740796522457318e-01	-1.147192690059787024e-01	-5.560660233120511692e-02	3.944701592511197230e-01
6.187033836522926045e-01	1.913052907300770711e-01	2.749361092033599137e-03	9.183178304202606335e-02	-1.769312941477576839e-01	-1.790528423360640831e-01	-3.965734089347953961e-02	7.056729723478361027e-02	1.341331313483017651e-01	6.697835044395793469e-01	-2.836949277103546496e-01	-2.734611388895643591e-01	1.000000000000000000e+00	2.406636570384282706e-02	-2.258245928943888314e-01	1.708796603974823691e-01	3.498661954926998718e-01	2.249378849092184274e-01	1.381470011043653690e-01	7.168564595125449801e-02	1.760863549223372071e-01	7.733365910076429872e-02	-2.168101483378672145e-01	9.845294421072589564e-02	1.672929111713349765e-02	5.289264634179725172e-02	2.301703099827058230e-01	1.155184947564045217e-01	4.283849762242080139e-01	2.415561612087316345e-02	3.150145234347526135e-02	5.993968257434611341e-02	-2.180579907438268406e-01	9.563263897964713323e-02	1.487443241867076882e-01	2.426141059478381934e-01	1.142952186388170033e-01	-2.507393744672905544e-01
-6.502076206029483441e-02	-2.544496758355756505e-01	-1.035233192809934394e-01	-2.016304709979550303e-01	6.360249274643316186e-02	9.994536665827821742e-02	-9.712780597183424958e-02	-1.351325718569622303e-01	9.877696128957728916e-02	2.147570028491151417e-01	4.018484335499603599e-01	4.216406250377190412e-01	2.406636570384283746e-02	1.000000000000000000e+00	4.219344240137800073e-01	-9.959413277544436338e-02	-6.003617645185471696e-02	-8.694015613851641122e-02	-8.196670026230754025e-02	-8.147098761769079600e-02	-6.536575273042014023e-02	-3.881783179236883430e-02	2.304473356838574460e-01	-1.676199818479696679e-01	-1.277927603630400755e-01	-1.468943128496212891e-01	-1.977203805675430137e-01	-1.733224284815411409e-01	-1.518179974091450057e-01	-3.320387388249877031e-02	-4.871633084991924822e-02	-1.736802196682958321e-01	5.358456209740658505e-01	9.428146306115006703e-02	-6.465632683491161214e-02	3.452534924033964087e-03	1.718889673966784298e-02	2.058465583297650614e-01
-2.744107161894977498e-01	-3.487062826947117666e-01	-1.386158471308146234e-01	-2.758955002349736119e-01	3.397390680348769121e-01	3.547006207882993922e-01	1.005203161428938272e-02	-1.848571990956227873e-01	-4.392403960900925775e-02	-1.536367725110906468e-01	7.710037110633991553e-01	6.389884382659622997e-01	-2.258245928943888314e-01	4.219344240137800628e-01	1.000000000000000000e+00	-1.956648789173797143e-01	-1.692928747734745165e-01	-1.688369472782879910e-01	-1.351199213413080136e-01	-7.911560487463739633e-02	-1.387532176415569030e-01	-2.979065939590797366e-02	5.615404526819555153e-01	-2.340657935985060445e-01	-1.630754178507512753e-01	-2.119118216628609053e-01	-2.880724497761500413e-01	-2.742139646968862476e-01	-2.466734702271004276e-01	-2.830446666609822207e-02	-5.978834621291756468e-02	-2.322075533925152258e-01	6.918216620463806255e-01	-7.337109698695781432e-03	-7.111744597849130323e-02	6.523722181971646980e-03	3.623278315018521600e-02	6.548144876198155329e-01
3.247297731427169487e-01	1.391541117741360023e-01	2.987951735735044217e-02	1.093999962010923643e-01	-1.152678529319386969e-01	-1.156444392360338608e-01	-2.982864181967687794e-02	5.775364035409918245e-02	6.512275612505693395e-03	1.214643998817568904e-01	-1.685458604443349495e-01	-1.716324301385926399e-01	1.708796603974823691e-01	-9.959413277544436338e-02	-1.956648789173797143e-01	1.000000000000000000e+00	2.704994506126640053e-01	2.409592742283015177e-01	4.925965076385307451e-01	3.827580565034760518e-01	3.917129647217970634e-01	1.336166667206672709e-01	-1.316262005316936601e-01	6.113158147428745387e-02	3.116947649500989570e-02	4.885877324416917911e-02	2.345104095884543161e-01	1.198028470346530899e-01	3.595047894215299134e-01	4.627545170853417100e-02	5.951954344882730286e-02	6.845021332583471618e-02	-1.641476960992221124e-01	-1.984754272053384735e-04	1.140841976161246080e-01	6.617174873061609786e-02	8.254601181221567219e-02	-1.534298861860482199e-01
5.271892266235824742e-01	1.708007969371430623e-01	2.693855083458950462e-03	1.075187623523314734e-01	-1.204217355024738839e-01	-1.171292198844918475e-01	-3.078065217444474547e-02	4.657652132186116539e-02	-8.677251441143278565e-03	2.454244971554679355e-01	-1.599572654742354716e-01	-1.755316115241862818e-01	3.498661954926998163e-01	-6.003617645185472390e-02	-1.692928747734745165e-01	2.704994506126640053e-01	1.000000000000000000e+00	1.983038458336658649e-01	1.851437781550113459e-01	1.457513394908326598e-01	5.656720834335255965e-01	9.263022447483353072e-02	-1.398333180166128620e-01	6.685636879175110847e-02	8.986592449539549526e-03	3.013056586115418767e-02	2.450465634835871931e-01	1.220742417954287784e-01	4.652244363417557538e-01	3.484549601613274455e-02	4.376331460606071311e-02	5.233023967376059654e-02	-1.563416386990850449e-01	3.117528599457062774e-02	1.204456321591778623e-01	1.281741108926220118e-01	8.347318573237258454e-02	-1.507596811825265004e-01
3.969636764607934465e-01	1.567164997442495600e-01	1.015008857306601113e-02	7.989557094295805795e-02	-1.255274875230918963e-01	-1.246495001819349774e-01	-1.849343338092193992e-02	7.193074370559739139e-02	1.599530776385483799e-01	1.760750640231906194e-01	-2.317173696706004427e-01	-2.001689070240688928e-01	2.249378849092184274e-01	-8.694015613851641122e-02	-1.688369472782879910e-01	2.409592742283015177e-01	1.983038458336658649e-01	1.000000000000000000e+00	3.780841345980717194e-01	1.075539678814209088e-01	1.707277523484459492e-01	1.563646029083920197e-01	-1.450492721403230101e-01	9.290550536752276156e-02	2.020586236443829009e-02	4.820037457561512223e-02	1.373177091651272275e-01	7.756462600732921819e-02	1.941712349696390616e-01	6.551991600575844676e-02	5.230274794168554564e-02	5.500361010512908738e-02	-1.913468926440506368e-01	9.222731080804522086e-02	2.237246717069229507e-01	3.581728220321298561e-01	1.462303457778420801e-01	-1.990622210522950963e-01
2.025486489079773023e-01	1.084231402055447907e-01	2.996823577873787559e-02	7.309501295444015279e-02	-8.628210275548454933e-02	-7.331603737254900610e-02	-1.789447571596220268e-02	5.724118076512635378e-02	1.028406720993342658e-03	1.010592486443515209e-01	-1.283178023692774783e-01	-1.398518455519221493e-01	1.381470011043653690e-01	-8.196670026230754025e-02	-1.351199213413080136e-01	4.925965076385307451e-01	1.851437781550113459e-01	3.780841345980716084e-01	1.000000000000000000e+00	3.622362663147190021e-01	2.264720083919182225e-01	2.173961879280917886e-01	-8.410646500461808894e-02	6.214931701671164155e-02	3.707589059846710944e-02	5.005747665102808219e-02	1.282329065452059158e-01	5.255573252506359760e-02	2.207313386912823361e-01	9.881355872829368503e-02	9.424783803617697853e-02	5.838997945445737608e-02	-1.232442947503012282e-01	1.813003185136930276e-02	1.865459019906960669e-01	1.333820168610748425e-01	1.566348807507930430e-01	-1.196717745682600170e-01
8.649398669072752566e-02	1.551847678524748420e-01	2.687581000040000292e-02	1.340288655423156339e-01	-6.176176489582625717e-02	-3.707776272159315351e-02	-1.597384092379759701e-02	5.517422173203995889e-02	-6.745492483898876679e-02	5.113914753229806959e-02	-7.111192152110178133e-02	-1.052225504078603685e-01	7.168564595125449801e-02	-8.147098761769079600e-02	-7.911560487463739633e-02	3.827580565034760518e-01	1.457513394908326598e-01	1.075539678814209088e-01	3.622362663147190021e-01	1.000000000000000000e+00	1.654116324540768068e-01	2.009163900953796766e-01	-2.950279303945373827e-02	4.072898193240364478e-02	4.003934547690181367e-02	4.291165019317779578e-02	2.131197274953882947e-01	1.010104849120362219e-01	3.017444233292753131e-01	1.127915868407633748e-01	1.106713877840328347e-01	9.559167944087473834e-02	-6.674296131431388390e-02	4.672346237313772244e-02	1.757512607216512313e-01	8.396363668428050153e-02	1.656359231484561823e-01	-7.106478168733473821e-02
2.737987468963453130e-01	1.058714841032932646e-01	1.514577505957427107e-02	7.342996980234199611e-02	-8.679901739937015415e-02	-9.111869595887057971e-02	-2.496993175927262817e-02	3.822521749375804023e-02	-2.624840764857892458e-02	1.389805000265341151e-01	-1.132653720734997510e-01	-1.199773936009546071e-01	1.760863549223372071e-01	-6.536575273042014023e-02	-1.387532176415569307e-01	3.917129647217970634e-01	5.656720834335255965e-01	1.707277523484459492e-01	2.264720083919182225e-01	1.654116324540768068e-01	1.000000000000000000e+00	9.516542022384780197e-02	-1.016947504609184705e-01	4.310019525414442859e-02	1.473909094560091684e-02	3.192087259662323290e-02	1.872937777425459083e-01	1.069343511544418868e-01	3.532362998671132459e-01	3.768766257270927261e-02	4.613070673173323005e-02	4.076673679413441581e-02	-1.217589922504060396e-01	-1.276672376814000018e-02	9.268008698012984714e-02	5.417721121940949347e-02	6.636046841550449771e-02	-1.019584720755071644e-01
6.088098789725068100e-02	1.048524376630882299e-01	3.392784279410391429e-02	6.423548534147122124e-02	-5.450003110338461770e-02	3.843989547490742759e-02	2.392835516061174537e-03	5.717269758341020358e-02	-1.065967266895553184e-02	6.805055337518001179e-02	-8.899499586314010835e-02	-8.218875196550999573e-02	7.733365910076429872e-02	-3.881783179236883430e-02	-2.979065939590796672e-02	1.336166667206672709e-01	9.263022447483353072e-02	1.563646029083920197e-01	2.173961879280917886e-01	2.009163900953796766e-01	9.516542022384780197e-02	1.000000000000000000e+00	1.258501308326966384e-01	6.926774210571777501e-02	4.051776902267702901e-02	4.857560125447763638e-02	4.371955547269348874e-02	-2.260613555771251795e-02	1.223657923434978839e-01	6.354572326298992824e-01	3.854296501999436297e-01	8.775828322935586012e-02	-6.216495860406366647e-02	6.325895940540328388e-02	5.512777860028640342e-01	2.893261809963951769e-01	7.398410138858839691e-01	-9.588580876244147400e-02
-2.405070361260464029e-01	-2.378973327887038414e-01	-7.937656865053174804e-02	-1.906412683526478580e-01	3.064780255304586642e-01	6.252582522648079122e-01	5.418994099352711369e-02	-1.354017339160515365e-01	-1.641751164569490440e-01	-1.783004402880207784e-01	4.707707815886969516e-01	3.064844937483363063e-01	-2.168101483378672145e-01	2.304473356838574460e-01	5.615404526819555153e-01	-1.316262005316936601e-01	-1.398333180166128620e-01	-1.450492721403230101e-01	-8.410646500461808894e-02	-2.950279303945373827e-02	-1.016947504609184705e-01	1.258501308326966384e-01	1.000000000000000000e+00	-1.376364930338501436e-01	-9.152487862866044710e-02	-1.375387639583767474e-01	-1.924786073240980777e-01	-1.831047598092288009e-01	-1.772612158534267734e-01	1.661151365635332999e-01	7.515977296955592135e-02	-1.528716829411196076e-01	4.990015224179022990e-01	3.963908905730072901e-02	-3.395830976023225811e-02	-9.153529679849610468e-02	7.136404603206113195e-02	4.750039911932356085e-01
1.091141176402159879e-01	2.087959900866027951e-01	1.183242374710708478e-01	1.178989247259687873e-01	3.517540840611108749e-02	-7.565034852508256691e-02	2.117255529851075069e-01	3.277248016090530403e-01	8.371885751339443182e-02	8.692837513746090594e-02	-2.770397193263272051e-01	-1.908365265435932601e-01	9.845294421072589564e-02	-1.676199818479696679e-01	-2.340657935985060445e-01	6.113158147428745387e-02	6.685636879175109459e-02	9.290550536752276156e-02	6.214931701671162767e-02	4.072898193240364478e-02	4.310019525414444247e-02	6.926774210571777501e-02	-1.376364930338501713e-01	1.000000000000000000e+00	1.697140292326863864e-01	4.018532291373084209e-01	1.037791872617284950e-01	7.254040152243444728e-02	1.003285163063652174e-01	6.332544356851273204e-02	7.074547748205463338e-02	1.670784694346174326e-01	-2.722740435988303953e-01	1.269227531227321570e-01	8.819967507006837293e-02	1.019138917592094518e-01	6.634846811564470981e-02	-2.004565321924176302e-01
2.442247818821669317e-02	9.295954080522335350e-02	7.428093999381456536e-01	1.104610890290118469e-01	-4.345944611663344476e-02	-5.770908799513094906e-02	3.761677910098856770e-02	2.796388766560413686e-01	-1.452766792233713307e-02	-8.543643582208840237e-03	-1.486142239141546584e-01	-1.293283465586537451e-01	1.672929111713349765e-02	-1.277927603630400755e-01	-1.630754178507512753e-01	3.116947649500989570e-02	8.986592449539549526e-03	2.020586236443829009e-02	3.707589059846710944e-02	4.003934547690181367e-02	1.473909094560091511e-02	4.051776902267702901e-02	-9.152487862866044710e-02	1.697140292326863864e-01	1.000000000000000000e+00	6.342505534439560888e-01	2.942377249193741176e-02	1.711217837138471684e-02	3.200965094438768671e-02	4.010819324980981204e-02	4.007445602296985654e-02	3.683414240174568977e-01	-1.702917258352947272e-01	-2.972140933232595567e-02	3.319437627585669626e-02	-1.749916974077361754e-03	2.706413216039600320e-02	-1.078534283293769991e-01
5.798091780661548955e-02	1.387322534511467864e-01	4.722073701205314888e-01	1.358841947063423317e-01	-7.267948904407769972e-02	-9.531841892771042435e-02	4.021355061068303954e-02	4.036314608955502981e-01	4.967968569023067070e-03	2.765534066766700202e-02	-2.008205503576144801e-01	-1.673713617580306900e-01	5.289264634179725172e-02	-1.468943128496212891e-01	-2.119118216628609330e-01	4.885877324416917911e-02	3.013056586115418073e-02	4.820037457561512223e-02	5.005747665102808219e-02	4.291165019317778884e-02	3.192087259662323290e-02	4.857560125447763638e-02	-1.375387639583767474e-01	4.018532291373084209e-01	6.342505534439559778e-01	1.000000000000000000e+00	6.285412105497466262e-02	5.030231183530922690e-02	6.267509701369461395e-02	3.742292081521376990e-02	3.754604956765805746e-02	2.818520070099638786e-01	-2.166525168213355446e-01	6.106185481440424721e-04	5.447596258050702717e-02	3.131991512980600995e-02	3.585679155791403339e-02	-1.595290788660850556e-01
1.981399233767141832e-01	4.774876789570525193e-01	1.730622578458748098e-04	3.596269711302790828e-01	-1.521548125008522490e-01	-1.572799467839189891e-01	-4.180354109584648314e-02	1.088738239494013160e-01	-5.242584660864598595e-02	1.304206817260822049e-01	-2.676538817458824493e-01	-2.815444223135812885e-01	2.301703099827058230e-01	-1.977203805675430137e-01	-2.880724497761500413e-01	2.345104095884543161e-01	2.450465634835871931e-01	1.373177091651272275e-01	1.282329065452059158e-01	2.131197274953882947e-01	1.872937777425459083e-01	4.371955547269349568e-02	-1.924786073240980777e-01	1.037791872617284672e-01	2.942377249193741176e-02	6.285412105497466262e-02	1.000000000000000000e+00	6.422775584106519275e-01	7.253913303310252081e-01	-5.430744971362058866e-03	1.776382420212509194e-02	1.447065082569499173e-01	-2.285431128042610949e-01	2.279254820414168825e-01	1.111064688692359886e-01	8.731042198287979061e-02	4.672777549563621874e-02	-2.321606174122607391e-01
9.965889920907754218e-02	4.393234395725829078e-01	-3.518900157955551569e-03	3.834133740330063489e-01	-1.526599668863075632e-01	-1.553468642477238981e-01	-5.311670681867907556e-02	8.787196621449021305e-02	-3.111216543562586589e-02	6.619990961920559081e-02	-2.485475234894037877e-01	-2.397097651650013650e-01	1.155184947564045217e-01	-1.733224284815411409e-01	-2.742139646968862476e-01	1.198028470346530899e-01	1.220742417954287784e-01	7.756462600732921819e-02	5.255573252506359760e-02	1.010104849120362219e-01	1.069343511544418868e-01	-2.260613555771251795e-02	-1.831047598092288009e-01	7.254040152243444728e-02	1.711217837138471337e-02	5.030231183530922690e-02	6.422775584106519275e-01	1.000000000000000000e+00	3.809211521938992706e-01	-4.395346371656761592e-02	-8.077166462392900217e-03	1.249693312744800805e-01	-2.028552007751139030e-01	1.949268198379192907e-01	5.082963877077546766e-02	4.743820779952026556e-02	-1.716764491197260434e-02	-2.222525524030109778e-01
3.337440833243343064e-01	3.947068967387070137e-01	9.975315229214604118e-03	2.794530728421258381e-01	-1.495892321622450949e-01	-1.483830401837976931e-01	-4.373648776395503562e-02	1.007871899898133417e-01	-5.859914405458385017e-02	2.654379211688006057e-01	-2.322698099713133568e-01	-2.743276955688070951e-01	4.283849762242079584e-01	-1.518179974091450057e-01	-2.466734702271004276e-01	3.595047894215298578e-01	4.652244363417557538e-01	1.941712349696390616e-01	2.207313386912823361e-01	3.017444233292753131e-01	3.532362998671133014e-01	1.223657923434978700e-01	-1.772612158534267457e-01	1.003285163063652174e-01	3.200965094438768671e-02	6.267509701369461395e-02	7.253913303310252081e-01	3.809211521938992706e-01	1.000000000000000000e+00	3.998988209011227618e-02	5.170188508535175642e-02	1.336484876215215944e-01	-2.019352648663817473e-01	1.763491717577582996e-01	1.747883877435269240e-01	1.407786921189721208e-01	1.199043000441841755e-01	-2.086870723139118422e-01
1.166284860168210688e-02	4.483583682190239034e-02	2.656412435229951047e-02	1.467113806538702762e-02	-2.002179869416500016e-02	1.670652024196571939e-01	3.974002009114194212e-02	1.992869412512111513e-02	-1.129014292689056037e-02	2.520649280572446679e-02	-6.894649613058809190e-02	-5.778127333795793352e-02	2.415561612087316345e-02	-3.320387388249877031e-02	-2.830446666609822207e-02	4.627545170853417100e-02	3.484549601613274455e-02	6.551991600575844676e-02	9.881355872829368503e-02	1.127915868407633748e-01	3.768766257270927955e-02	6.354572326298995044e-01	1.661151365635332999e-01	6.332544356851273204e-02	4.010819324980981204e-02	3.742292081521377684e-02	-5.430744971362056264e-03	-4.395346371656761592e-02	3.998988209011228312e-02	1.000000000000000000e+00	7.209234754575279958e-01	4.269886864266469323e-02	-3.426328906474520458e-02	5.660164174074198279e-02	2.512619952591659267e-01	1.359213118060639269e-01	3.652565371040964459e-01	-6.829894392119129076e-02
2.349253459295037177e-02	5.746085432953442623e-02	2.595772507480072905e-02	2.690945922181521566e-02	-2.980332858826335168e-02	1.203395067352327347e-01	4.860159947912435358e-02	2.087933261462731130e-02	-9.294220896175349814e-03	3.541233496902245620e-02	-8.471845619118180404e-02	-7.921643705453582096e-02	3.150145234347525441e-02	-4.871633084991925516e-02	-5.978834621291756468e-02	5.951954344882730286e-02	4.376331460606071311e-02	5.230274794168554564e-02	9.424783803617697853e-02	1.106713877840328070e-01	4.613070673173323005e-02	3.854296501999436297e-01	7.515977296955590747e-02	7.074547748205463338e-02	4.007445602296985654e-02	3.754604956765805746e-02	1.776382420212508848e-02	-8.077166462392901952e-03	5.170188508535175642e-02	7.209234754575279958e-01	1.000000000000000000e+00	3.899051559455387478e-02	-5.429441802846086962e-02	5.745471032044086046e-02	1.841478515186264486e-01	9.605620096419313636e-02	2.261356176351868585e-01	-7.675873775583558212e-02
6.222509843077416586e-02	3.863288887365788349e-01	3.939113481690825758e-01	4.561487833214816767e-01	-8.829252079554616994e-02	-1.326685675013348220e-01	-3.858839468001988918e-03	4.437021619960275776e-01	-3.517782954168969384e-02	2.069068176460518368e-02	-2.169165525142052187e-01	-2.054851091540652874e-01	5.993968257434611341e-02	-1.736802196682958321e-01	-2.322075533925152535e-01	6.845021332583471618e-02	5.233023967376059654e-02	5.500361010512908738e-02	5.838997945445737608e-02	9.559167944087473834e-02	4.076673679413442275e-02	8.775828322935586012e-02	-1.528716829411196076e-01	1.670784694346174326e-01	3.683414240174568977e-01	2.818520070099638786e-01	1.447065082569499173e-01	1.249693312744800944e-01	1.336484876215215944e-01	4.269886864266469323e-02	3.899051559455387478e-02	1.000000000000000000e+00	-2.275262491893846328e-01	1.317094377122023097e-01	1.033157962445514638e-01	5.647420206973866041e-02	7.453539448816182134e-02	-1.819504507694485740e-01
-2.762269552320091859e-01	-3.046117094313636753e-01	-1.323284869357976845e-01	-2.192440863775295401e-01	3.012912425453110332e-01	3.211267897541621452e-01	-8.067865343198038497e-02	-1.992356491169241517e-01	-1.907649542773574014e-01	-1.074478671071442681e-01	7.666184137549895139e-01	5.145836897842739344e-01	-2.180579907438268406e-01	5.358456209740658505e-01	6.918216620463806255e-01	-1.641476960992221124e-01	-1.563416386990850171e-01	-1.913468926440506368e-01	-1.232442947503012282e-01	-6.674296131431388390e-02	-1.217589922504060396e-01	-6.216495860406366647e-02	4.990015224179022990e-01	-2.722740435988303953e-01	-1.702917258352947272e-01	-2.166525168213355446e-01	-2.285431128042611226e-01	-2.028552007751139030e-01	-2.019352648663817751e-01	-3.426328906474519764e-02	-5.429441802846086962e-02	-2.275262491893846328e-01	1.000000000000000000e+00	2.107831028908390969e-01	-1.346593198526875035e-01	-1.557452299277684860e-01	-4.815384885012961164e-02	5.322905516587659314e-01
6.038305202753950496e-02	4.533200920559099512e-01	-3.411496683633502558e-02	2.337400077995525072e-01	-2.143515064960377272e-03	3.486499697527316397e-03	-7.426708640843346886e-03	1.606205546988959398e-01	1.134866024704811599e-01	1.532854634906218039e-01	-9.819717667553147511e-02	-3.799124949650988653e-02	9.563263897964713323e-02	9.428146306115006703e-02	-7.337109698695779697e-03	-1.984754272053405606e-04	3.117528599457062774e-02	9.222731080804522086e-02	1.813003185136930276e-02	4.672346237313771550e-02	-1.276672376814000191e-02	6.325895940540327000e-02	3.963908905730072901e-02	1.269227531227321293e-01	-2.972140933232595220e-02	6.106185481440419300e-04	2.279254820414168825e-01	1.949268198379192907e-01	1.763491717577582996e-01	5.660164174074198279e-02	5.745471032044084658e-02	1.317094377122023097e-01	2.107831028908390969e-01	1.000000000000000000e+00	8.502129572856395590e-02	1.606118718792599875e-01	8.852598201309447301e-02	-1.355488578941955735e-01
1.231426837682461500e-01	1.673279184868565472e-01	2.507730506331481285e-02	1.072869079737400477e-01	-1.051100251972979516e-01	-5.550126510073867536e-02	-2.333942565127776828e-02	7.530295980520304577e-02	2.978246965348116393e-02	1.396719730146086802e-01	-1.637455343818064735e-01	-1.472740796522457318e-01	1.487443241867076882e-01	-6.465632683491161214e-02	-7.111744597849130323e-02	1.140841976161246218e-01	1.204456321591778623e-01	2.237246717069229229e-01	1.865459019906960669e-01	1.757512607216512313e-01	9.268008698012984714e-02	5.512777860028640342e-01	-3.395830976023225811e-02	8.819967507006837293e-02	3.319437627585669626e-02	5.447596258050702717e-02	1.111064688692359886e-01	5.082963877077546072e-02	1.747883877435269240e-01	2.512619952591659267e-01	1.841478515186264486e-01	1.033157962445514638e-01	-1.346593198526875312e-01	8.502129572856395590e-02	1.000000000000000000e+00	5.864799863641937394e-01	6.955415265820076298e-01	-1.475454811229065799e-01
2.489293392102067681e-01	1.551696436021853809e-01	-7.587971561007994178e-03	6.420193605951567128e-02	-1.362880085334866043e-01	-1.111780580303668442e-01	-2.349605159325288475e-02	6.949366723912769883e-02	2.675804015263336666e-01	2.466067090574541598e-01	-2.377469179115762610e-01	-1.147192690059787024e-01	2.426141059478381934e-01	3.452534924033965388e-03	6.523722181971650450e-03	6.617174873061609786e-02	1.281741108926220118e-01	3.581728220321298561e-01	1.333820168610748425e-01	8.396363668428047378e-02	5.417721121940947959e-02	2.893261809963951769e-01	-9.153529679849610468e-02	1.019138917592094518e-01	-1.749916974077359586e-03	3.131991512980600995e-02	8.731042198287979061e-02	4.743820779952026556e-02	1.407786921189721208e-01	1.359213118060639269e-01	9.605620096419315024e-02	5.647420206973866041e-02	-1.557452299277684860e-01	1.606118718792599875e-01	5.864799863641937394e-01	1.000000000000000000e+00	4.001376478079315957e-01	-2.174489532659916458e-01
7.341168091161222320e-02	1.050774213680497338e-01	2.178704258152723908e-02	5.631573614901937835e-02	-6.666763358808716622e-02	-1.023923576547856526e-02	-1.251995479028474370e-02	5.348428943804725555e-02	3.496121927353026959e-02	1.290822263873973030e-01	-8.598474330377678387e-02	-5.560660233120512386e-02	1.142952186388169755e-01	1.718889673966784645e-02	3.623278315018521600e-02	8.254601181221567219e-02	8.347318573237258454e-02	1.462303457778420801e-01	1.566348807507930430e-01	1.656359231484561823e-01	6.636046841550449771e-02	7.398410138858839691e-01	7.136404603206113195e-02	6.634846811564470981e-02	2.706413216039600667e-02	3.585679155791403339e-02	4.672777549563621874e-02	-1.716764491197260434e-02	1.199043000441841755e-01	3.652565371040965014e-01	2.261356176351868585e-01	7.453539448816180746e-02	-4.815384885012962551e-02	8.852598201309447301e-02	6.955415265820076298e-01	4.001376478079315957e-01	1.000000000000000000e+00	-9.687721434590568226e-02
-2.755772749309018388e-01	-3.043322844322124410e-01	-8.924952261101465334e-02	-2.274190499376591845e-01	5.751652785759534536e-01	4.829919355891856836e-01	1.150933680823948424e-01	-1.562801717785747002e-01	-2.445669022282506433e-01	-2.410227911117590049e-01	6.937440957195556424e-01	3.944701592511197785e-01	-2.507393744672905544e-01	2.058465583297650892e-01	6.548144876198155329e-01	-1.534298861860482199e-01	-1.507596811825265004e-01	-1.990622210522950963e-01	-1.196717745682600031e-01	-7.106478168733473821e-02	-1.019584720755071644e-01	-9.588580876244147400e-02	4.750039911932356085e-01	-2.004565321924176302e-01	-1.078534283293769991e-01	-1.595290788660850556e-01	-2.321606174122607391e-01	-2.222525524030109778e-01	-2.086870723139118422e-01	-6.829894392119129076e-02	-7.675873775583558212e-02	-1.819504507694485740e-01	5.322905516587660424e-01	-1.355488578941955735e-01	-1.475454811229065522e-01	-2.174489532659916458e-01	-9.687721434590568226e-02	1.000000000000000000e+00
